{
  "weights": {
    "isIp": 0.474363684306798,
    "isInternal": 6.314177287253957,
    "suspiciousParams": 4.81137031562098,
    "specialChars": 2.9651218978615073,
    "lengthNorm": -0.038722822948330446
  },
  "bias": -3.2708745432423694,
  "trainedAt": "2026-04-15T11:10:41.773Z"
}